split,loss,acc,precision,recall,f1,iou,chip_acc
test,0.4696921706199646,0.9780638217926001,0.9999999999999971,0.9731236239685122,0.9863787622991295,0.9731236239685122,0.98046875
