{
  "acc": 0.9780638217926001,
  "precision": 0.9999999999999971,
  "recall": 0.9731236239685122,
  "f1": 0.9863787622991295,
  "iou": 0.9731236239685122,
  "loss": 0.4696921706199646,
  "chip_acc": 0.98046875
}