{
  "acc": 0.9918761092625302,
  "precision": 0.9869442777499563,
  "recall": 0.9939577712239402,
  "f1": 0.9904386036558661,
  "iou": 0.981058326068778,
  "loss": 0.27524747854654885,
  "chip_acc": 0.9901685393258427
}