split,loss,acc,precision,recall,f1,iou,chip_acc
test,0.27524747854654885,0.9918761092625302,0.9869442777499563,0.9939577712239402,0.9904386036558661,0.981058326068778,0.9901685393258427
