{
  "acc": 0.9999999999999976,
  "precision": 0.9999999999999971,
  "recall": 0.9999999999999971,
  "f1": 0.9999999949999971,
  "iou": 0.9999999999999971,
  "loss": 0.37904923409223557,
  "chip_acc": 1.0
}