split,loss,acc,precision,recall,f1,iou,chip_acc
test,0.37904923409223557,0.9999999999999976,0.9999999999999971,0.9999999999999971,0.9999999949999971,0.9999999999999971,1.0
